{
  "label": "V1: AR Answer",
  "valid": 50,
  "total": 50,
  "errors": 0,
  "ade_mean": 7.144440641640593,
  "ade_std": 8.41676579433492,
  "fde_mean": 12.395074250553412,
  "fde_std": 14.44068499997378,
  "time_s": 424.6949825286865,
  "train_time_min": 86.16026645501455,
  "final_traj_loss": 0.6037763613402843
}