{
  "label": "V2: AR CoT+Answer",
  "valid": 50,
  "total": 50,
  "errors": 0,
  "ade_mean": 6.76111065469152,
  "ade_std": 8.120667803449066,
  "fde_mean": 11.627193867111934,
  "fde_std": 13.844564674217624,
  "time_s": 407.8773818016052,
  "train_time_min": 84.050612783432,
  "final_loss": 0.5691350272715092
}