{
  "label": "V3: Lang Only (no vis dec)",
  "valid": 50,
  "total": 50,
  "errors": 0,
  "ade_mean": 8.291457588922588,
  "ade_std": 9.775279544483851,
  "fde_mean": 14.74738461793219,
  "fde_std": 17.17697509559169,
  "time_s": 416.5711064338684,
  "train_time_min": 61.199340387185416,
  "final_traj_loss": 0.49762876331806183,
  "final_lang_loss": 1.40234375
}